factor_key,series_id,target_columns,frequency_handling,source_role,official_core,model_policy,status,observation_count,valid_observation_count,first_valid_date,last_valid_date,title,frequency,units,output_csv,output_csv_hash,runtime_seconds
real_yield,DFII10,['real_yield'],forward_fill_to_business_days,fred_api_factor,True,include_if_column_exists_and_not_excluded,pulled,348,333,2025-01-02,2026-05-01,"Market Yield on U.S. Treasury Securities at 10-Year Constant Maturity, Quoted on an Investment Basis, Inflation-Indexed",Daily,Percent,artifacts\deep_ml\source_update\fred_pulled_series\fred_DFII10.csv,sha256:edafa9340bd0dda07ce0cf74be57a3d1d206f7d946022135029b91e283ea66e4,0.494
nominal_yield,DGS10,['nominal_yield'],forward_fill_to_business_days,fred_api_factor,True,include_if_column_exists_and_not_excluded,pulled,348,333,2025-01-02,2026-05-01,"Market Yield on U.S. Treasury Securities at 10-Year Constant Maturity, Quoted on an Investment Basis",Daily,Percent,artifacts\deep_ml\source_update\fred_pulled_series\fred_DGS10.csv,sha256:988b2a39072510732562ee3a2286fc5e01c16fe43b87b6e0c516693f34b40eec,0.367
tips_curve,T10Y2Y,['tips_curve'],forward_fill_to_business_days,fred_api_factor,True,include_if_column_exists_and_not_excluded,pulled,349,334,2025-01-02,2026-05-04,10-Year Treasury Constant Maturity Minus 2-Year Treasury Constant Maturity,Daily,Percent,artifacts\deep_ml\source_update\fred_pulled_series\fred_T10Y2Y.csv,sha256:326fa002f9d027f8a8c20157c8f6c9a7a6577477b10e10e10beadd4aa7f0bef6,0.341
fed_bs,WALCL,['fed_bs'],forward_fill_to_business_days,fred_api_factor,True,include_if_column_exists_and_not_excluded,pulled,70,70,2025-01-01,2026-04-29,Assets: Total Assets: Total Assets (Less Eliminations from Consolidation): Wednesday Level,"Weekly, As of Wednesday",Millions of U.S. Dollars,artifacts\deep_ml\source_update\fred_pulled_series\fred_WALCL.csv,sha256:3f075a09624f3147539c1b6f27a09f1d5156dd9856247f98990f75cb4e29d0c5,0.324
m2_supply,M2SL,['m2_supply'],forward_fill_to_business_days,fred_api_factor,True,include_if_column_exists_and_not_excluded,pulled,15,15,2025-01-01,2026-03-01,M2,Monthly,Billions of Dollars,artifacts\deep_ml\source_update\fred_pulled_series\fred_M2SL.csv,sha256:55617a5e450491b4097dad2ffe37c3b0af056888e127a0ab813084a88ea534aa,0.318
inflation,CPIAUCSL,['inflation'],forward_fill_to_business_days,fred_api_factor,True,include_if_column_exists_and_not_excluded,pulled,15,14,2025-01-01,2026-03-01,Consumer Price Index for All Urban Consumers: All Items in U.S. City Average,Monthly,Index 1982-1984=100,artifacts\deep_ml\source_update\fred_pulled_series\fred_CPIAUCSL.csv,sha256:4b751e2f9033c569c1c41b4a3356e4b71ac8913f3a0edac09361dcd8e366c519,0.453
usd_index,DTWEXBGS,['usd_index'],forward_fill_to_business_days,fred_api_factor,True,include_if_column_exists_and_not_excluded,pulled,348,334,2025-01-02,2026-05-01,Nominal Broad U.S. Dollar Index,Daily,Index Jan 2006=100,artifacts\deep_ml\source_update\fred_pulled_series\fred_DTWEXBGS.csv,sha256:f04f20463bc3f5e3051426b4a73e10a6fb3f43761ead604f19ee762aa46db6f2,0.488
eur_usd,DEXUSEU,['eur_usd'],forward_fill_to_business_days,fred_api_factor,True,include_if_column_exists_and_not_excluded,pulled,348,334,2025-01-02,2026-05-01,U.S. Dollars to Euro Spot Exchange Rate,Daily,U.S. Dollars to One Euro,artifacts\deep_ml\source_update\fred_pulled_series\fred_DEXUSEU.csv,sha256:51533822348af9ed37adb9c282ace40891e510dee79440d4887f56919d898037,0.424
jpy_usd,DEXJPUS,['jpy_usd'],forward_fill_to_business_days,fred_api_factor,True,include_if_column_exists_and_not_excluded,pulled,348,334,2025-01-02,2026-05-01,Japanese Yen to U.S. Dollar Spot Exchange Rate,Daily,Japanese Yen to One U.S. Dollar,artifacts\deep_ml\source_update\fred_pulled_series\fred_DEXJPUS.csv,sha256:6d416b1d90da876ec9c9dea90a6ab5fc76a8be954fcca30040ede63d48328f59,5.296
vix_index,VIXCLS,['vix_index'],forward_fill_to_business_days,fred_api_factor,True,include_if_column_exists_and_not_excluded,pulled,348,343,2025-01-02,2026-05-01,CBOE Volatility Index: VIX,"Daily, Close",Index,artifacts\deep_ml\source_update\fred_pulled_series\fred_VIXCLS.csv,sha256:3978642a1c19ae2b11a0c1880bea124c0acdd8eb4c7f738a92a7094e7d0b252f,0.415
fin_stress,STLFSI4,['fin_stress'],forward_fill_to_business_days,fred_api_factor,True,include_if_column_exists_and_not_excluded,pulled,69,69,2025-01-03,2026-04-24,St. Louis Fed Financial Stress Index,"Weekly, Ending Friday",Index,artifacts\deep_ml\source_update\fred_pulled_series\fred_STLFSI4.csv,sha256:72f1f2d19beb86395b406a6c63a2098fbcc5f4665d46ae35846238aa1a7d9731,0.38
oil_wti,DCOILWTICO,['oil_wti'],forward_fill_to_business_days,fred_api_factor,True,include_if_column_exists_and_not_excluded,pulled,344,327,2025-01-02,2026-04-27,"Crude Oil Prices: West Texas Intermediate (WTI) - Cushing, Oklahoma",Daily,Dollars per Barrel,artifacts\deep_ml\source_update\fred_pulled_series\fred_DCOILWTICO.csv,sha256:e6a7b2855ddf3fcc129b0adc4cd192f233eebb6ba81e548b35621eaf791cd67b,0.358
ppi_index,PPIACO,['ppi_index'],forward_fill_to_business_days,fred_api_factor,True,include_if_column_exists_and_not_excluded,pulled,15,15,2025-01-01,2026-03-01,Producer Price Index by Commodity: All Commodities,Monthly,Index 1982=100,artifacts\deep_ml\source_update\fred_pulled_series\fred_PPIACO.csv,sha256:937c88c288aae77cca26cbbbe3ef0c7b250eb0fa95cb574be02120b0de7a0da0,0.344
unrate,UNRATE,['unrate'],forward_fill_to_business_days,fred_api_factor,True,include_if_column_exists_and_not_excluded,pulled,15,14,2025-01-01,2026-03-01,Unemployment Rate,Monthly,Percent,artifacts\deep_ml\source_update\fred_pulled_series\fred_UNRATE.csv,sha256:f6fa3e6b1d1294a8eec228e34cfccdefbf5acc2e1ae09f56fd574b66dc0e06a5,0.25
ind_prod,INDPRO,['ind_prod'],forward_fill_to_business_days,fred_api_factor,True,include_if_column_exists_and_not_excluded,pulled,15,15,2025-01-01,2026-03-01,Industrial Production: Total Index,Monthly,Index 2017=100,artifacts\deep_ml\source_update\fred_pulled_series\fred_INDPRO.csv,sha256:2f33daa6d9f24231eecce8b1334beb7bc9506a4edea3ea8a7a3ed8a5aed8c8f7,1.891
cap_util,TCU,['cap_util'],forward_fill_to_business_days,fred_api_factor,True,include_if_column_exists_and_not_excluded,pulled,15,15,2025-01-01,2026-03-01,Capacity Utilization: Total Index,Monthly,Percent,artifacts\deep_ml\source_update\fred_pulled_series\fred_TCU.csv,sha256:8f48198914ea018d8e3405f1176ab9889be41b43719f77beaa4e87c77e2edf99,0.282
high_yield,BAMLH0A0HYM2,['high_yield'],forward_fill_to_business_days,fred_api_factor,False,update_for_audit_but_exclude_from_official_core,pulled,353,349,2025-01-02,2026-05-01,ICE BofA US High Yield Index Option-Adjusted Spread,"Daily, Close",Percent,artifacts\deep_ml\source_update\fred_pulled_series\fred_BAMLH0A0HYM2.csv,sha256:7f2fb4e8da83327385b7bafc4c1e74cd6478ed5b6b9ce6d1f36ff31da169f5f2,0.361
